Modèle,Précision,Score F1,Rappel,AUC,Score Moyen,Classement
Régression Logistique,0.9850478468899522,0.9847654677482248,0.9850478468899522,0.9924125641278612,0.9868184314139976,1
SVM,0.9814593301435407,0.9809096189299681,0.9814593301435407,0.9939725976716655,0.9844502192221787,2
Forêt Aléatoire,0.9772727272727273,0.9763666894895385,0.9772727272727273,0.9962109066692976,0.9817807626760726,3
Arbre de Décision,0.9736842105263158,0.9734812237204581,0.9736842105263158,0.935748816101026,0.9641496152185289,4
Naive Bayes,0.9102870813397129,0.9177334313770563,0.9102870813397129,,0.9127691980188274,5
k-NN,0.9168660287081339,0.9000713380718752,0.9168660287081339,0.8396063535911602,0.8933524372698258,6
